id,permalink,thread_id,date,ip,from,to,subject,body
20v1tq8,https://www.reddit.com/message/messages/20v1tq8,20v1tq8,2023-10-31 01:01:15 UTC,,welcomebot,/u/Adexhrmwn,Welcome to r/CryptoCurrency!,"Welcome to r/CryptoCurrency and thank you for subscribing! Please read through the following info. Doing so will better serve yourself and our community going forward.

---
-

&nbsp;

**r\/CRYPTOCURRENCY  NETWORK**

Consider visiting and subscribing to our affiliated communities.

 * [Official Discord](https://discord.gg/3BCVhhG)

 * r/CryptoCurrencyMeta – Meta discussions about r/CryptoCurrency as well as networked subs. Topics may include moderation, governance polls, usage statistics, etc.

 * r/CryptoCurrency_Tech – Focused discussions about crypto technology such as mining algorithms, consensus models, different databases, etc.

 * r/CryptoMarkets – Share and discuss news about crypto trading and market analysis.

 * r/CointestOfficial – Subreddit for hosting the r/CC Cointest, a contest for crowdsourcing the best pro & con arguments about crypto topics.

 * r/CryptoDevs – Discussion forum oriented towards real teams, experienced developers, working freelancers and anyone who is willing to learn about the true technical potential of crypto.

 * r/CryptoCurrencyMemes – Comedy oriented sub for sharing crypto related memes.

 * r/CryptoCurrencyMoons – For discussing issues regarding [MOONs](https://www.reddit.com/r/CryptoCurrencyMoons/wiki/moons_wiki), the [Community Points tokens](https://www.reddit.com/community-points/?utm_source=reddit&utm_medium=usertext&utm_name=CryptoCurrencyMoons&utm_content=t5_4bgxt0) in r\/CC.

 * r/CCNFT – The r/CC network's alternative to r/NFT.

&nbsp;

**RULES & POLICIES**

Please take the time to review the r\/CC [rules](https://www.reddit.com/r/CryptoCurrency/wiki/expanded_rules) before participating. In particular, **do not overlook rules 2.10 and 3.1.**

 * 2.10 – Offering referral/promo links, codes, or solicitation of any kind is strictly prohibited.

 * 3.1 – Vote manipulation or brigading from other platforms(eg Telegram or Discord) will absolutely not be tolerated. 

We take the above rules very seriously, and violations will most likely be met with a permanent ban. Also consider reading our [policy page](https://old.reddit.com/r/CryptoCurrency/wiki/policy) and [CCIP list](https://old.reddit.com/r/CryptoCurrency/wiki/ccip) for explaining how we handle various aspects of this subreddit. 

&nbsp;

**PARTICIPATION STANDARDS**

To participate in our subreddit, you are required to have a minimum level of **comment** karma(not link or combined karma) and account age. If you want to post without these restrictions, consider purchasing the [r/Cryptocurrency's Special Membership](https://www.reddit.com/web/special-membership/CryptoCurrency). If you represent an established project/team working in the crypto space, consider applying for our [Verified User's Program](https://www.reddit.com/r/CryptoCurrency/wiki/user_verification_program) to get a Verified User badge along a custom title.

&nbsp;

**COMMUNITY POINTS VAULT**

Make sure to [set up your vault,](https://www.reddit.com/vault/) as you will become eligible to earn Moons for karma earned in our community. For more info on Moons and the Community Points project, please see [this video](https://youtu.be/NE9phQLljIY) and read the [MOONS wiki](https://www.reddit.com/r/CryptoCurrency/wiki/moons_wiki).

&nbsp;


**COINTEST**

Consider participating in our community contest called the [Cointest](https://old.reddit.com/r/CointestOfficial/wiki/cointest_policy). The top three winners are awarded with Moon prizes and in return and the community is rewarded with [knowledge](https://old.reddit.com/r/CointestOfficial/wiki/cointest_archive).

&nbsp;

-
---

If you have any questions, please reach out to the moderators through our modmail. For Meta discussion, visit r/CryptoCurrencyMeta.

Happy learning and contributing!

----

This message can not be replied to. If you have questions for the moderators of r/CryptoCurrency you can message them [here](https://reddit.com/message/compose?to=r/CryptoCurrency)."
20w71bg,https://www.reddit.com/message/messages/20w71bg,20w71bg,2023-11-01 01:01:08 UTC,,welcomebot,/u/Adexhrmwn,Welcome to r/CryptoMarkets!,"Welcome to r/CryptoMarkets and thank you for subscribing! Please read through the following info. 

---
-

&nbsp;

**r\/CRYPTOCURRENCY  NETWORK**

The following is a list of affiliated subs you might be interested in since you subscribed to this sub.

 * r/CryptoCurrencyMeta – Discussion about meta topics in the r/CC network.

 * r/CryptoCurrencyMoons – For discussing issues regarding [MOONs](https://old.reddit.com/r/CryptoCurrencyMoons/wiki/moons_wiki), the [Community Points tokens](https://www.reddit.com/community-points/?utm_source=reddit&utm_medium=usertext&utm_name=CryptoCurrencyMoons&utm_content=t5_4bgxt0) in r\/CC.

 * r/CryptoCurrencyMemes – Comedy oriented sub for sharing crypto related memes.

 * r/CointestOfficial – Subreddit for hosting the r/CC Cointest, a contest for crowdsourcing the best pro & con arguments about any crypto topic.

 * r/CryptoCurrency_Tech – Focused discussions about crypto technology such as mining algorithms, consensus models, different databases, etc.

 * r/CCNFT – The r/CC network's alternative to r/NFT but with rules that are enforced.

&nbsp;

**RULES**

Please read our [rules](https://old.reddit.com/r/CryptoMarkets/about/rules/) before participating.

&nbsp;

**MODERATION** 

If you like this sub and want to help build and maintain it as a moderator, consider submitting an application in [r/CryptoCurrencyMeta](https://old.reddit.com/r/CryptoCurrencyMeta/comments/yuopdb/mod_recruiting_is_moving_from_rcryptorecruiting/). After you have submitted an application, send a message to our modmail. 

&nbsp;

-
---

Thanks for reading. We look forward to seeing you in the discussions.

----

This message can not be replied to. If you have questions for the moderators of r/CryptoMarkets you can message them [here](https://reddit.com/message/compose?to=r/CryptoMarkets)."
22vitli,https://www.reddit.com/message/messages/22vitli,22vitli,2023-12-21 06:46:31 UTC,,welcomebot,/u/Adexhrmwn,Welcome to r/PrimeXBT!,"Welcome to the PrimeXBT community! Take a moment to go through this important message:
We are delighted to have you here, and we encourage you to ask any questions you may have on our subreddit. However, please remain cautious of individuals who send private messages claiming to be from PrimeXBT support. Remember, NO ONE FROM PRIMEXBT WILL EVER DM you under any circumstances. To ensure the security of your PrimeXBT account, please refrain from sharing your account credentials with anyone. If you require assistance, please seek help on our subreddit and rely solely on the comments. Additionally, if you receive private messages from anyone, kindly report them. For platform-related inquiries, please contact us at support@help.primexbt.com or create a post on our subreddit to ask your question. 

----

This message can not be replied to. If you have questions for the moderators of r/PrimeXBT you can message them [here](https://reddit.com/message/compose?to=r/PrimeXBT)."
